{
  "mean_reward": 2439.64,
  "std_reward": 1298.7547537545338,
  "min_reward": 0.0,
  "max_reward": 5640.0,
  "median_reward": 2289.5,
  "total_energy_errors": 58543,
  "mean_energy_errors_per_episode": 585.43,
  "std_energy_errors": 276.003922254739,
  "total_distance_errors": 29952,
  "mean_distance_errors_per_episode": 299.52,
  "std_distance_errors": 130.09169689107756,
  "total_near_dark_errors": 586,
  "mean_near_dark_errors_per_episode": 5.86,
  "std_near_dark_errors": 4.312818104209822,
  "all_rewards": [
    1843.0,
    3255.0,
    2062.0,
    466.0,
    3498.0,
    3147.0,
    4826.0,
    662.0,
    848.0,
    1185.0,
    1604.0,
    1561.0,
    2248.0,
    2985.0,
    938.0,
    739.0,
    5498.0,
    1960.0,
    1613.0,
    2279.0,
    1522.0,
    4925.0,
    1649.0,
    4873.0,
    2065.0,
    4415.0,
    3023.0,
    4290.0,
    5168.0,
    1808.0,
    2685.0,
    3201.0,
    3810.0,
    2998.0,
    2533.0,
    5640.0,
    1312.0,
    2735.0,
    1953.0,
    3241.0,
    2910.0,
    1274.0,
    562.0,
    2941.0,
    2583.0,
    2255.0,
    2173.0,
    4190.0,
    2191.0,
    4856.0,
    2168.0,
    0.0,
    3595.0,
    2598.0,
    2727.0,
    4163.0,
    3670.0,
    506.0,
    933.0,
    2349.0,
    367.0,
    2050.0,
    1886.0,
    2738.0,
    3742.0,
    607.0,
    2860.0,
    2566.0,
    2682.0,
    2533.0,
    1281.0,
    1348.0,
    2028.0,
    2157.0,
    3909.0,
    2260.0,
    1894.0,
    945.0,
    2423.0,
    2676.0,
    2097.0,
    1251.0,
    3741.0,
    1851.0,
    4073.0,
    2913.0,
    3328.0,
    2815.0,
    0.0,
    1428.0,
    849.0,
    1567.0,
    511.0,
    3728.0,
    5165.0,
    994.0,
    2791.0,
    547.0,
    3356.0,
    2300.0
  ],
  "all_energy_errors": [
    511,
    866,
    421,
    153,
    873,
    759,
    1101,
    225,
    290,
    392,
    374,
    284,
    511,
    740,
    264,
    231,
    1317,
    419,
    501,
    728,
    428,
    981,
    462,
    983,
    496,
    1072,
    442,
    866,
    1252,
    407,
    664,
    765,
    865,
    749,
    861,
    1179,
    340,
    578,
    562,
    829,
    648,
    258,
    140,
    676,
    627,
    449,
    440,
    1101,
    502,
    959,
    518,
    0,
    845,
    598,
    788,
    563,
    660,
    154,
    83,
    495,
    131,
    471,
    489,
    582,
    875,
    202,
    766,
    539,
    654,
    608,
    356,
    417,
    630,
    684,
    972,
    627,
    602,
    408,
    692,
    612,
    426,
    347,
    585,
    528,
    929,
    494,
    719,
    596,
    0,
    692,
    360,
    431,
    117,
    563,
    1046,
    460,
    837,
    326,
    947,
    578
  ],
  "all_distance_errors": [
    240,
    466,
    216,
    113,
    408,
    341,
    541,
    159,
    180,
    210,
    176,
    129,
    247,
    325,
    174,
    174,
    694,
    219,
    269,
    383,
    229,
    439,
    255,
    476,
    243,
    517,
    282,
    456,
    522,
    202,
    356,
    370,
    434,
    354,
    338,
    602,
    187,
    229,
    297,
    478,
    325,
    178,
    97,
    302,
    366,
    216,
    184,
    549,
    264,
    466,
    287,
    0,
    493,
    267,
    396,
    327,
    323,
    123,
    68,
    261,
    103,
    247,
    286,
    338,
    471,
    149,
    390,
    252,
    340,
    305,
    184,
    215,
    285,
    383,
    398,
    348,
    339,
    258,
    362,
    285,
    212,
    174,
    265,
    250,
    463,
    188,
    287,
    349,
    0,
    398,
    204,
    222,
    81,
    248,
    526,
    284,
    353,
    242,
    520,
    326
  ],
  "all_near_dark_errors": [
    10,
    6,
    4,
    0,
    7,
    8,
    8,
    0,
    4,
    2,
    6,
    5,
    5,
    7,
    2,
    5,
    20,
    4,
    6,
    3,
    0,
    7,
    3,
    7,
    8,
    5,
    4,
    3,
    8,
    10,
    4,
    5,
    3,
    14,
    10,
    18,
    3,
    6,
    3,
    8,
    5,
    1,
    0,
    5,
    6,
    2,
    15,
    13,
    9,
    5,
    7,
    0,
    8,
    12,
    18,
    5,
    12,
    0,
    0,
    4,
    0,
    1,
    2,
    4,
    10,
    1,
    4,
    13,
    1,
    10,
    3,
    5,
    7,
    6,
    6,
    7,
    8,
    2,
    3,
    6,
    4,
    3,
    6,
    13,
    8,
    7,
    11,
    12,
    0,
    7,
    8,
    5,
    0,
    1,
    14,
    1,
    8,
    2,
    7,
    2
  ],
  "n_test_episodes": 100,
  "distance_threshold": 200.0,
  "near_threshold": 100.0,
  "total_steps": 100000,
  "num_lights": 8
}